[
	{
		"mId": "guid-7",
		"unread": false,
		"flag": false,
		"subject" : "Custom item 1!!",
		"content" : "Custom item 1!!, About Microsoft Virtual Academy<br/>Microsoft Virtual Academy provides free online training by world-class experts to help you build your technical skills and advance your career. Make it your destination of choice to get started on the latest Microsoft technologies and join this vibrant community."
	},
	{
		"mId": "guid-8",
		"unread": true,
		"flag": false,
		"subject" : "Custom item 2!!",
		"content" : "Custom item 2!!, We foster our pipeline of future leaders with 47 employee networks and 7 global employee resource groups, servicing an active community of thousands across Microsoft"
	},
	{
		"mId": "guid-21",
		"unread": true,
		"flag": false,
		"subject" : "Custom item 3!!",
		"content" : "Custom item 3!!, We foster our pipeline of future leaders with 47 employee networks and 7 global employee resource groups, servicing an active community of thousands across Microsoft"
	},
	{
		"mId": "guid-22",
		"unread": false,
		"flag": false,
		"subject" : "Custom item 4!!",
		"content" : "Custom item 4!!, We foster our pipeline of future leaders with 47 employee networks and 7 global employee resource groups, servicing an active community of thousands across Microsoft"
	},
	{
		"mId": "guid-23",
		"unread": false,
		"flag": false,
		"subject" : "Custom item 5!!",
		"content" : "Custom item 5!!, We foster our pipeline of future leaders with 47 employee networks and 7 global employee resource groups, servicing an active community of thousands across Microsoft"
	},
	{
		"mId": "guid-24",
		"unread": false,
		"flag": false,
		"subject" : "Custom item 6!!",
		"content" : "Custom item 6!!, We foster our pipeline of future leaders with 47 employee networks and 7 global employee resource groups, servicing an active community of thousands across Microsoft"
	}
]