[
	{
		"mId": "guid-5",
		"unread": false,
		"flag": false,
		"subject" : "Delete item 1",
		"content" : "Delete item 1 ! <u>Credit card<u> is being shipped to you today!"
	},
	{
		"mId": "guid-6",
		"unread": false,
		"flag": false,
		"subject" : "Delete item 2 !",
		"content" : "Delete item 2, You have just won the New York official lottery. Please send us your address so that we may start the transfer."
	},
	{
		"mId": "guid-18",
		"unread": true,
		"flag": false,
		"subject" : "Delete item 3 !",
		"content" : "Delete item 3, You have just won the New York official lottery. Please send us your address so that we may start the transfer."
	},
	{
		"mId": "guid-19",
		"unread": true,
		"flag": false,
		"subject" : "Delete item 4 !",
		"content" : "Delete item 4, You have just won the New York official lottery. Please send us your address so that we may start the transfer."
	},
	{
		"mId": "guid-20",
		"unread": false,
		"flag": false,
		"subject" : "Delete item 5 !",
		"content" : "Delete item 5, You have just won the New York official lottery. Please send us your address so that we may start the transfer."
	}
]