[
	{
		"mId": "guid-1",
		"unread": false,
		"flag": false,
		"subject" : "Training Program",
		"content" : "About Microsoft Virtual Academy<br/>Microsoft Virtual Academy provides free online training by world-class experts to help you build your technical skills and advance your career. Make it your destination of choice to get started on the latest Microsoft technologies and join this vibrant community."
	},
	{
		"mId": "guid-2",
		"unread": true,
		"flag": false,
		"subject" : "Empower your future",
		"content" : "We foster our pipeline of future leaders with 47 employee networks and 7 global employee resource groups, servicing an active community of thousands across Microsoft"
	},
	{
		"mId": "guid-9",
		"unread": true,
		"flag": false,
		"subject" : "Lorem ipsum 3",
		"content" : "Lorem ipsum 3 We foster our pipeline of future leaders with 47 employee networks and 7 global employee resource groups, servicing an active community of thousands across Microsoft"
	},
	{
		"mId": "guid-10",
		"unread": false,
		"flag": false,
		"subject" : "Lorem ipsum 4",
		"content" : "Lorem ipsum 4 We foster our pipeline of future leaders with 47 employee networks and 7 global employee resource groups, servicing an active community of thousands across Microsoft"
	},
	{
		"mId": "guid-11",
		"unread": true,
		"flag": false,
		"subject" : "Lorem ipsum 5",
		"content" : "Lorem ipsum 5 We foster our pipeline of future leaders with 47 employee networks and 7 global employee resource groups, servicing an active community of thousands across Microsoft"
	},
	{
		"mId": "guid-12",
		"unread": false,
		"flag": true,
		"subject" : "Lorem ipsum 6",
		"content" : "Lorem ipsum 6 We foster our pipeline of future leaders with 47 employee networks and 7 global employee resource groups, servicing an active community of thousands across Microsoft"
	},
	{
		"mId": "guid-13",
		"unread": false,
		"flag": false,
		"subject" : "Lorem ipsum 7",
		"content" : "Lorem ipsum 7 We foster our pipeline of future leaders with 47 employee networks and 7 global employee resource groups, servicing an active community of thousands across Microsoft"
	},
	{
		"mId": "guid-14",
		"unread": false,
		"flag": true,
		"subject" : "Lorem ipsum 8",
		"content" : "Lorem ipsum 8 We foster our pipeline of future leaders with 47 employee networks and 7 global employee resource groups, servicing an active community of thousands across Microsoft"
	},
	{
		"mId": "guid-15",
		"unread": false,
		"flag": false,
		"subject" : "Lorem ipsum 9",
		"content" : "Lorem ipsum 9 We foster our pipeline of future leaders with 47 employee networks and 7 global employee resource groups, servicing an active community of thousands across Microsoft"
	},
	{
		"mId": "guid-25",
		"unread": false,
		"flag": true,
		"subject" : "Lorem ipsum 10",
		"content" : "Lorem ipsum 10 We foster our pipeline of future leaders with 47 employee networks and 7 global employee resource groups, servicing an active community of thousands across Microsoft"
	}
]