[
	{
		"mId": "guid-3",
		"unread": false,
		"flag": false,
		"subject" : "Pre Approved Loan",
		"content" : "Congratulations ! <u>Credit card<u> is being shipped to you today!"
	},
	{
		"mId": "guid-4",
		"unread": true,
		"flag": false,
		"subject" : "You won a lottery!",
		"content" : "You have just won the New York official lottery. Please send us your address so that we may start the transfer."
	},
	{
		"mId": "guid-16",
		"unread": true,
		"flag": false,
		"subject" : "Spam Lorem ipsum 1!",
		"content" : "You have just won the New York official lottery. Please send us your address so that we may start the transfer."
	},
	{
		"mId": "guid-17",
		"unread": true,
		"flag": false,
		"subject" : "Spam Lorem ipsum 2!",
		"content" : "You have just won the New York official lottery. Please send us your address so that we may start the transfer."
	}
]